id,price_current,bip_39_word_underscore_7,color_upper_length_3,oomlout_bolt_md5_6_first_3_upper,price_100,bip_39_word_new_br_12,price_200_distributor_orbital_fasteners,type_first_letter,price_1_distributor_1,description_extra_no_space_length_6,bip_39_word_space_1,bip_39_word_no_space_7,link_3_name,size,size_no_space_upper_length_5,description_extra_length_4,oomlout_oomp_utility_custom_data_manipulation,link_5,description_extra_no_space_upper_length_1,color_no_space_upper_length_4,bip_39_word_new_br_11,size_length_2,size_length_3,description_main_upper_length_6,webpage_manufacturer_metalmate,price_1_distributor_accu,link_buy,bip_39_word_new_br_9,bip_39_word_underscore_9,classification_length_2,md5_6_alpha_upper,description_extra_no_space_upper_length_5,part_number_distributor_accu_search,price_1000,manufacturer_name,size_name,description_main_length_1,description_extra_first_letter,description_or_color_upper,part_number_first_letter_upper,md5_5,short_code_upper,size_first_letter,bip_39_word_underscore_4,price_1,bip_39_word_new_br_10,price_1_name,bip_39_word_new_line_8,price_1000_name,bip_39_word_no_space_5,price_100_distributor_2,oomlout_bolt_name,color_capital,bip_39_word_space_4,price_1_distributor_orbital_fasteners,bip_39_word_no_space_3,bip_39_word_no_space_11,type_upper,description_main_no_space_length_2,classification_no_space_length_2,bip_39_word_new_br_1,bip_39_word_new_line_4,directory,type_no_space_upper_length_6,description_extra_upper_length_6,bip_39_word_space_6,size_upper_length_6,classification_no_space_length_3,md5_10_upper,description_main_length_2,classification_no_space_upper_length_6,name_manufacturer_metalmate,distributors,part_number_first_letter,oomlout_bolt_md5_6_last_3_upper,description_main_upper_length_5,type_upper_length_1,md5,description_extra_name,classification_upper_length_1,color_length_5,description_main_capital,weight_10,classification_length_6,oomp_word,classification_no_space_length_1,from_yaml,price_1000_distributor_1,price_1000_distributor_accu,price_1000_distributor_orbital_fasteners,type,link_buy_2,price_1000_distributor_2,size_no_space_length_2,color_no_space_upper_length_5,description_main_first_letter,bip_39_word_space_5,classification_upper_length_2,size_length_1,price_10000_distributor_accu,oomlout_bolt_md5_6_alpha_last_3,oomp_word_emoji,bip_39_word_new_line_1,size_no_space_upper_length_2,bip_39_word_no_space_10,markdown_full,color_length_6,bip_39_word_underscore_3,description_main_upper_length_3,classification,price_2_name,description_main_length_6,commonity_code,bip_39_word_dash_4,bip_39_word_underscore_1,github_link,description_main_no_space_upper_length_1,oomlout_bolt_length,description_extra_length_5,bip_39_word_dash_6,classification_no_space_upper_length_4,type_no_space_length_1,price_10000,type_length_3,part_number_manufacturer_metalmate,description_main_no_space_length_4,bip_39_word_no_space_12,bip_39_word_underscore_10,box_of_box_size_manufacturer_metalmate,type_upper_length_3,color_upper,type_length_5,name_no_type,bip_39_word_dash_3,color,oomlout_bolt_md5_6_first_3,oomlout_short_code_upper,type_length_2,md5_6_alpha,size_no_space_length_3,oomlout_bolt_md5_6_alpha_first_3_upper,bip_39_word_dash_1,bip_39_word_new_br_4,description_extra_upper_length_4,bip_39_word_dash_7,description_main_no_space_length_1,description_extra_no_space_length_1,type_no_space_upper_length_1,description_main_no_space_upper_length_6,type_capital,name_no_color,bip_39_word_no_space_1,bip_39_word_no_space_8,description_main_no_space_length_6,price_10000_distributor_1,type_no_space_length_4,classification_first_letter_upper,link_oomlout_label_2x1,price_10000_distributor_orbital_fasteners,description_main_first_letter_upper,description_extra_no_space_upper_length_3,size_capital,description_extra_no_space_upper_length_6,bip_39_word_underscore_2,description_extra_length_1,description_or_color,color_upper_length_1,type_no_space_upper_length_4,oomlout_bolt_length_no_unit,size_no_space_upper_length_3,bip_39_word_dash_12,oomlout_bolt_color,description_main_length_5,part_number,description_main_no_space_upper_length_5,color_no_space_upper_length_2,type_length_4,description_main_no_space_upper_length_3,price_200_distributor_accu,description_main_length_4,classification_length_5,bip_39_word_space_9,name_no_size_short,id_no_class,type_no_space_length_6,color_length_3,bip_39_word_new_br_2,size_upper_length_1,oomp_id,description_extra_length_3,type_no_space_length_2,bip_39_word_new_line_10,price_100_distributor_1,link_main,color_no_space_length_3,color_no_space_length_4,size_only_numbers_no_zeros,link_1,description_main_upper_length_1,price_100_distributor_orbital_fasteners,description_main_no_space_length_5,id_no_type,md5_6_upper,bip_39_word_underscore_11,id,description_extra_no_space_length_5,description_extra_upper_length_3,classification_name,description_main,link_buy_1,type_name,oomlout_bolt_md5_6_alpha_first_3,link_oomlout_label_6x4,type_length_6,webpage_distributor_accu,classification_length_4,id_no_color,description_main_upper,classification_capital,classification_upper_length_6,bip_39_word_underscore_12,classification_no_space_upper_length_3,type_no_space_length_3,type_upper_length_5,color_upper_length_5,bip_39_word_space_3,bip_39_word_new_br_3,size_length_5,manufacturer_first_letter_upper,classification_upper_length_4,bip_39_word_dash_5,size_length_4,color_no_space_length_5,name,bip_39_word_dash_11,classification_no_space_upper_length_5,size_no_space_upper_length_6,description_main_no_space_length_3,kicad_reference,price_200_distributor_1,color_no_space_length_6,description_extra_no_space_length_3,size_upper_length_5,project_bolt_tray_capacity_oobb_4_width_2_5_length_18_mm_depth_weight,color_first_letter,size_no_space_length_1,bip_39_word_space_7,type_no_space_length_5,type_length_1,type_no_space_upper_length_5,part_number_distributor_accu,type_upper_length_2,bip_39_word_new_line_9,bip_39_word_space_10,classification_length_3,color_name,name_no_size,oomlout_bolt_md5_6_last_3,size_no_space_length_6,bip_39_word_new_br_6,link_2,bip_39_word_space_11,name_no_class,classification_no_space_length_4,price_100_name,color_no_space_length_2,color_upper_length_2,bip_39_word_space_12,bip_39_word_new_br_5,price_200,quantity_current,description_extra_length_6,bip_39_word_new_line_5,oomlout_bolt_head_type_diagram,description_extra_capital,short_code,description_extra_length_2,type_no_space_upper_length_2,size_upper_length_2,description_extra_upper_length_1,bip_39_word_new_line_3,bip_39_word_new_line_7,manufacturers,weight,price_200_distributor_2,bip_39_word_new_br_8,manufacturer_capital,color_length_1,oomlout_bolt_type,size_upper_length_4,description_main_upper_length_2,description_extra_no_space_length_2,description_main_name,bip_39_word_new_line_2,link_1_name,color_upper_length_4,description_only_numbers,bip_39_word_underscore_6,bip_39_word_dash_9,size_no_space_upper_length_4,description_extra_upper,link_4,md5_6,price_100_distributor_accu,manufacturer_first_letter,classification_no_space_length_6,classification_length_1,distributor_current,bip_39_word_dash_2,classification_upper,link_2_name,markdown_short,part_number_name,classification_first_letter,description_main_length_3,oomp_word_list,size_upper_length_3,size_length_6,part_number_upper,bip_39_word_new_line_11,oomp_word_emoji_list,md5_10,description_main_no_space_upper_length_4,price_1_distributor_2,oomlout_bolt_size,bip_39_word_underscore_5,description_extra,color_upper_length_6,classification_upper_length_3,bip_39_word_space_2,bip_39_word_space_0,md5_5_upper,bip_39_word_no_space_9,price_10000_name,type_no_space_upper_length_3,bip_39_word_space_8,bip_39_word_dash_10,description_only_numbers_short,link_buy_1_name,description_extra_upper_length_5,bip_39_word_dash_8,project_bolt_tray_capacity_oobb_2_5_width_2_length_18_mm_depth,type_upper_length_4,link_3,classification_no_space_upper_length_2,manufacturer_upper,color_no_space_length_1,price_10000_distributor_2,short_name,link_4_name,size_no_space_length_4,size_first_letter_upper,link_buy_name,bip_39_word_no_space_4,size_upper,description_extra_upper_length_2,bip_39_word_new_line_6,part_number_distributor_orbital_fasteners,description_extra_no_space_length_4,color_length_4,color_length_2,description_extra_no_space_upper_length_4,link_buy_2_name,link_oomlout_label_3x2,bip_39_word_new_line_12,filter,color_no_space_upper_length_3,webpage_distributor_orbital_fasteners,link_5_name,oomlout_short_code,classification_no_space_upper_length_1,bip_39_word_no_space_2,description_extra_no_space_upper_length_2,size_no_space_upper_length_1,box_size_manufacturer_metalmate,oomlout_bolt_type_diagram_diagram,barcode_manufacturer_metalmate,description_main_no_space_upper_length_2,size_only_numbers,type_first_letter_upper,color_no_space_upper_length_1,price_200_name,type_upper_length_6,size_no_space_length_5,bip_39_word_underscore_8,color_first_letter_upper,manufacturer,oomlout_bolt_head_type,color_no_space_upper_length_6,classification_upper_length_5,classification_no_space_length_5,project_bolt_tray_capacity_oobb_4_width_2_5_length_18_mm_depth,description_extra_first_letter_upper,id_no_size,oomlout_bolt_md5_6_alpha_last_3_upper,bip_39_word_no_space_6,bip_39_word_new_br_7,description_main_upper_length_4,part_number_capital,oomp_key
hardware_nut_m3,0.0038,nasty_dog_guess_horse_subject_typical_ordinary,,,0.0038,nasty<br>dog<br>guess<br>horse<br>subject<br>typical<br>ordinary<br>name<br>pact<br>round<br>notable<br>alert,0.0038,n,0.0038,,nasty,nastydogguesshorsesubjecttypicalordinary,webpage_distributor_orbital_fasteners,m3,M3,,True,,,,nasty<br>dog<br>guess<br>horse<br>subject<br>typical<br>ordinary<br>name<br>pact<br>round<br>notable,m3,m3,,https://www.harclob2b.com/m3-din934-gr-8-din267-full-nut-zinc-plated-boxed-z0322m39,,https://www.orbitalfasteners.co.uk/products/m3-mild-steel-hexagon-full-nuts-bright-zinc-plated,nasty<br>dog<br>guess<br>horse<br>subject<br>typical<br>ordinary<br>name<br>pact,nasty_dog_guess_horse_subject_typical_ordinary_name_pact,ha,3VB5B,,,0.0038,,M3,,, ,,632d2,NU3,m,nasty_dog_guess_horse,0.0038,nasty<br>dog<br>guess<br>horse<br>subject<br>typical<br>ordinary<br>name<br>pact<br>round,orbital_fasteners,"nasty
dog
guess
horse
subject
typical
ordinary
name",orbital_fasteners,nastydogguesshorsesubject,,,,nasty dog guess horse,0.0038,nastydogguess,nastydogguesshorsesubjecttypicalordinarynamepactroundnotable,NUT,,ha,nasty,"nasty
dog
guess
horse",parts/hardware_nut_m3,NUT,,nasty dog guess horse subject typical,M3,har,632D2F1CF5,,HARDWA,M3 DIN934 Gr.8 DIN267 Full Nut Zinc Plated Boxed,[],,,,N,632d2f1cf592d38bafebf6dcced02499,,H,,,3.186666667,hardwa,rose snowman cyclone,h,False,0.0038,,0.0038,nut,,,m3,,,nasty dog guess horse subject,HA,m,,,:rose: :snowman: :cyclone:,nasty,M3,nastydogguesshorsesubjecttypicalordinarynamepactround,[hardware_nut_m3](https://github.com/oomlout/oomlout_oomp_current_version_messy/tree/main/parts/hardware_nut_m3)<br>[nu3](https://github.com/oomlout/oomlout_oomp_current_version_messy/tree/main/parts/hardware_nut_m3)<br>[Hardware Nut M3](https://github.com/oomlout/oomlout_oomp_current_version_messy/tree/main/parts/hardware_nut_m3)<br><br>,,nasty_dog_guess,,hardware,accu,,7318169290,nasty-dog-guess-horse,nasty,https://github.com/oomlout/oomlout_oomp_part_src/tree/main/parts/hardware_nut_m3,,,,nasty-dog-guess-horse-subject-typical,HARD,n,0.0017,nut,Z0322M39,,nastydogguesshorsesubjecttypicalordinarynamepactroundnotablealert,nasty_dog_guess_horse_subject_typical_ordinary_name_pact_round,64000,NUT,,nut,M3,nasty-dog-guess,,,N3M,nu,3vb5b,m3,,nasty,nasty<br>dog<br>guess<br>horse,,nasty-dog-guess-horse-subject-typical-ordinary,,,N,,Nut,M3,nasty,nastydogguesshorsesubjecttypicalordinaryname,,0.0017,nut,H,http://192.168.1.242:1112/?label=oomp%203vb5b,0.0017,,,M3,,nasty_dog,, ,,NUT,,M3,nasty-dog-guess-horse-subject-typical-ordinary-name-pact-round-notable-alert,,,,,,nut,,,,hardw,nasty dog guess horse subject typical ordinary name pact,M3,nut_m3,nut,,nasty<br>dog,M,hardware_nut_m3,,nu,"nasty
dog
guess
horse
subject
typical
ordinary
name
pact
round",0.0038,https://github.com/oomlout/oomlout_oomp_current_version_messy/tree/main/parts/hardware_nut_m3,,,3,https://github.com/oomlout/oomlout_oomp_current_version_messy/tree/main/parts/hardware_nut_m3,,0.0038,,m3,632D2F,nasty_dog_guess_horse_subject_typical_ordinary_name_pact_round_notable,hardware_nut_m3,,,Hardware,,https://www.orbitalfasteners.co.uk/products/m3-mild-steel-hexagon-full-nuts-bright-zinc-plated,Nut,,http://192.168.1.55:1112/?label=oomp%203vb5b,nut,,hard,m3,,Hardware,HARDWA,nasty_dog_guess_horse_subject_typical_ordinary_name_pact_round_notable_alert,HAR,nut,NUT,,nasty dog guess,nasty<br>dog<br>guess,m3,,HARD,nasty-dog-guess-horse-subject,m3,,Hardware Nut M3,nasty-dog-guess-horse-subject-typical-ordinary-name-pact-round-notable,HARDW,M3,,,0.0038,,,M3,79.66666667,,m,nasty dog guess horse subject typical ordinary,nut,n,NUT,,NU,"nasty
dog
guess
horse
subject
typical
ordinary
name
pact",nasty dog guess horse subject typical ordinary name pact round,har,,M3,,m3,nasty<br>dog<br>guess<br>horse<br>subject<br>typical,https://github.com/oomlout/oomlout_oomp_part_src/tree/main/parts/hardware_nut_m3,nasty dog guess horse subject typical ordinary name pact round notable,Nut M3,hard,orbital_fasteners,,,nasty dog guess horse subject typical ordinary name pact round notable alert,nasty<br>dog<br>guess<br>horse<br>subject,0.0038,1000,,"nasty
dog
guess
horse
subject",,,nu3,,NU,M3,,"nasty
dog
guess","nasty
dog
guess
horse
subject
typical
ordinary",[],0.318666667,,nasty<br>dog<br>guess<br>horse<br>subject<br>typical<br>ordinary<br>name,,,,M3,,,,"nasty
dog",link_main,,,nasty_dog_guess_horse_subject_typical,nasty-dog-guess-horse-subject-typical-ordinary-name-pact,M3,,https://www.harclob2b.com/m3-din934-gr-8-din267-full-nut-zinc-plated-boxed-z0322m39,632d2f,,,hardwa,h,orbital_fasteners,nasty-dog,HARDWARE,github_link,[hardware_nut_m3](https://github.com/oomlout/oomlout_oomp_current_version_messy/tree/main/parts/hardware_nut_m3)<br><br>,,h,,"['rose', 'snowman', 'cyclone']",M3,m3,,"nasty
dog
guess
horse
subject
typical
ordinary
name
pact
round
notable","[':rose:', ':snowman:', ':cyclone:']",632d2f1cf5,,,,nasty_dog_guess_horse_subject,,,HAR,nasty dog,"['nasty', 'dog', 'guess', 'horse', 'subject', 'typical', 'ordinary', 'name', 'pact', 'round', 'notable', 'alert']",632D2,nastydogguesshorsesubjecttypicalordinarynamepact,orbital_fasteners,NUT,nasty dog guess horse subject typical ordinary name,nasty-dog-guess-horse-subject-typical-ordinary-name-pact-round, ,webpage_distributor_orbital_fasteners,,nasty-dog-guess-horse-subject-typical-ordinary-name,125,NUT,https://www.orbitalfasteners.co.uk/products/m3-mild-steel-hexagon-full-nuts-bright-zinc-plated,HA,,,,,webpage_manufacturer_metalmate,m3,M,orbital_fasteners,nastydogguesshorse,M3,,"nasty
dog
guess
horse
subject
typical",1771000,,,,,,http://192.168.1.245:1112/?label=oomp%203vb5b,"nasty
dog
guess
horse
subject
typical
ordinary
name
pact
round
notable
alert",,,https://www.orbitalfasteners.co.uk/products/m3-mild-steel-hexagon-full-nuts-bright-zinc-plated,,n3m,H,nastydog,,M,2000,,5050420655088,,3,N,,orbital_fasteners,NUT,m3,nasty_dog_guess_horse_subject_typical_ordinary_name,,,,,HARDW,hardw,250,,m3,,nastydogguesshorsesubjecttypical,nasty<br>dog<br>guess<br>horse<br>subject<br>typical<br>ordinary,,,oomp_hardware_nut_m3
hardware_screw_socket_cap_m3_black_30_mm_length_hex_head,0.031,want_consider_size_exile_praise_room_time,BLA,2C6,0.0557,want<br>consider<br>size<br>exile<br>praise<br>room<br>time<br>coffee<br>black<br>frame<br>cupboard<br>actress,0.031,s,0.0557,hexhea,want,wantconsidersizeexilepraiseroomtime,webpage_distributor_orbital_fasteners,m3,M3,hex_,True,https://www.harclob2b.com/m3-x-30-socket-cap-screw-gr12-9-self-colour-din-91-1150m390030,H,BLAC,want<br>consider<br>size<br>exile<br>praise<br>room<br>time<br>coffee<br>black<br>frame<br>cupboard,m3,m3,30_MM_,https://www.harclob2b.com/m3-x-30-socket-cap-screw-gr12-9-self-colour-din-91-1150m390030,0.69,https://www.orbitalfasteners.co.uk/products/m3-x-30-socket-cap-screw-high-tensile-grade-12-9-self-colour,want<br>consider<br>size<br>exile<br>praise<br>room<br>time<br>coffee<br>black,want_consider_size_exile_praise_room_time_coffee_black,ha,1QE8N,HEXHE,SSCF-M3-30-12.9+-zinc,0.0247,,M3,3,h,B30,,2c6b9,SC3B30H,m,want_consider_size_exile,0.0557,want<br>consider<br>size<br>exile<br>praise<br>room<br>time<br>coffee<br>black<br>frame,orbital_fasteners,"want
consider
size
exile
praise
room
time
coffee",orbital_fasteners,wantconsidersizeexilepraise,0.07,Socket Cap M3X30 mm Black (Hex Head),Black,want consider size exile,0.0557,wantconsidersize,wantconsidersizeexilepraiseroomtimecoffeeblackframecupboard,SCREW_SOCKET_CAP,30,ha,want,"want
consider
size
exile",parts/hardware_screw_socket_cap_m3_black_30_mm_length_hex_head,SCREWS,HEX_HE,want consider size exile praise room,M3,har,2C6B9720B7,30,HARDWA,M3 x 30 Socket Cap Screw Gr12.9 Self Colour DIN 912 150,[],,B97,30_MM,S,2c6b9720b72d3c4aefd4c4fb93cbd7b7,Hex Head,H,black,30 mm Length,,hardwa,snowflake chestnut baseball,h,False,0.0247,0.05,0.0247,screw_socket_cap,https://www.accu.co.uk/metric-cap-head-screws/16010-SSC-M3-30-12-9,0.05,m3,BLACK,3,want consider size exile praise,HA,m,0.05,8n,:snowflake: :chestnut: :baseball:,want,M3,wantconsidersizeexilepraiseroomtimecoffeeblackframe,[hardware_screw_socket_cap_m3_black_30_mm_length_hex_head](https://github.com/oomlout/oomlout_oomp_current_version_messy/tree/main/parts/hardware_screw_socket_cap_m3_black_30_mm_length_hex_head)<br>[sc3b30h](https://github.com/oomlout/oomlout_oomp_current_version_messy/tree/main/parts/hardware_screw_socket_cap_m3_black_30_mm_length_hex_head)<br>[Hardware Screw Socket Cap M3 Black 30 Mm Length Hex Head](https://github.com/oomlout/oomlout_oomp_current_version_messy/tree/main/parts/hardware_screw_socket_cap_m3_black_30_mm_length_hex_head)<br><br>,black,want_consider_size,30_,hardware,accu,30_mm_,7318156890,want-consider-size-exile,want,https://github.com/oomlout/oomlout_oomp_part_src/tree/main/parts/hardware_screw_socket_cap_m3_black_30_mm_length_hex_head,3,30 mm,hex_h,want-consider-size-exile-praise-room,HARD,s,0.0247,scr,1150M390030,30mm,wantconsidersizeexilepraiseroomtimecoffeeblackframecupboardactress,want_consider_size_exile_praise_room_time_coffee_black_frame,4800,SCR,BLACK,screw,M3 Black 30 mm Length Hex Head,want-consider-size,black,2c6,SC3B30H,sc,1qe8n,m3,1QE,want,want<br>consider<br>size<br>exile,HEX_,want-consider-size-exile-praise-room-time,3,h,S,30MMLE,Screw Socket Cap,30 mm Length Hex Head,want,wantconsidersizeexilepraiseroomtimecoffee,30mmle,0.0247,scre,H,http://192.168.1.242:1112/?label=oomp%201qe8n,0.0247,3,HEX,M3,HEXHEA,want_consider,h,B30,B,SCRE,30,M3,want-consider-size-exile-praise-room-time-coffee-black-frame-cupboard-actress,Black,30_mm,,30MML,BL,scre,30M,0.07,30_m,hardw,want consider size exile praise room time coffee black,Black 30 Mm Length Hex Head,screw_socket_cap_m3_black_30_mm_length_hex_head,screws,bla,want<br>consider,M,hardware_screw_socket_cap_m3_black_30_mm_length_hex_head,hex,sc,"want
consider
size
exile
praise
room
time
coffee
black
frame",0.0557,https://github.com/oomlout/oomlout_oomp_current_version_messy/tree/main/parts/hardware_screw_socket_cap_m3_black_30_mm_length_hex_head,bla,blac,3,https://github.com/oomlout/oomlout_oomp_current_version_messy/tree/main/parts/hardware_screw_socket_cap_m3_black_30_mm_length_hex_head,3,0.0557,30mml,m3_black_30_mm_length_hex_head,2C6B97,want_consider_size_exile_praise_room_time_coffee_black_frame_cupboard,hardware_screw_socket_cap_m3_black_30_mm_length_hex_head,hexhe,HEX,Hardware,30_mm_length,https://www.orbitalfasteners.co.uk/products/m3-x-30-socket-cap-screw-high-tensile-grade-12-9-self-colour,Screw Socket Cap,1qe,http://192.168.1.55:1112/?label=oomp%201qe8n,screw_,https://www.accu.co.uk/metric-cap-head-screws/16010-SSC-M3-30-12-9,hard,30_mm_length_hex_head,30_MM_LENGTH,Hardware,HARDWA,want_consider_size_exile_praise_room_time_coffee_black_frame_cupboard_actress,HAR,scr,SCREW,BLACK,want consider size,want<br>consider<br>size,m3,,HARD,want-consider-size-exile-praise,m3,black,Hardware Screw Socket Cap M3 Black 30 mm Length Hex Head,want-consider-size-exile-praise-room-time-coffee-black-frame-cupboard,HARDW,M3,30m,,0.031,black,hex,M3,,b,m,want consider size exile praise room time,screw,s,SCREW,SSCF-M3-30-12.9,SC,"want
consider
size
exile
praise
room
time
coffee
black",want consider size exile praise room time coffee black frame,har,Black,Black 30 mm Length Hex Head,b97,m3,want<br>consider<br>size<br>exile<br>praise<br>room,https://github.com/oomlout/oomlout_oomp_part_src/tree/main/parts/hardware_screw_socket_cap_m3_black_30_mm_length_hex_head,want consider size exile praise room time coffee black frame cupboard,Screw Socket Cap M3 Black 30 mm Length Hex Head,hard,orbital_fasteners,bl,BL,want consider size exile praise room time coffee black frame cupboard actress,want<br>consider<br>size<br>exile<br>praise,0.031,200,hex_he,"want
consider
size
exile
praise",head_type_diagram.png,Hex Head,sc3b30h,he,SC,M3,H,"want
consider
size","want
consider
size
exile
praise
room
time",[],,0.07,want<br>consider<br>size<br>exile<br>praise<br>room<br>time<br>coffee,,b,Socket Cap,M3,30,he,30 mm Length,"want
consider",link_main,BLAC,30,want_consider_size_exile_praise_room,want-consider-size-exile-praise-room-time-coffee-black,M3,HEX_HEAD,https://www.accu.co.uk/metric-cap-head-screws/16010-SSC-M3-30-12-9,2c6b97,0.07,,hardwa,h,orbital_fasteners,want-consider,HARDWARE,github_link,[hardware_screw_socket_cap_m3_black_30_mm_length_hex_head](https://github.com/oomlout/oomlout_oomp_current_version_messy/tree/main/parts/hardware_screw_socket_cap_m3_black_30_mm_length_hex_head)<br><br>,,h,30_,"['snowflake', 'chestnut', 'baseball']",M3,m3,,"want
consider
size
exile
praise
room
time
coffee
black
frame
cupboard","[':snowflake:', ':chestnut:', ':baseball:']",2c6b9720b7,30MM,0.69,M3,want_consider_size_exile_praise,hex_head,BLACK,HAR,want consider,"['want', 'consider', 'size', 'exile', 'praise', 'room', 'time', 'coffee', 'black', 'frame', 'cupboard', 'actress']",2C6B9,wantconsidersizeexilepraiseroomtimecoffeeblack,orbital_fasteners,SCR,want consider size exile praise room time coffee,want-consider-size-exile-praise-room-time-coffee-black-frame,30,webpage_distributor_orbital_fasteners,HEX_H,want-consider-size-exile-praise-room-time-coffee,,SCRE,https://www.orbitalfasteners.co.uk/products/m3-x-30-socket-cap-screw-high-tensile-grade-12-9-self-colour,HA,,b,0.05,,webpage_distributor_accu,m3,M,orbital_fasteners,wantconsidersizeexile,M3,HE,"want
consider
size
exile
praise
room",1891054,hexh,blac,bl,HEXH,webpage_distributor_accu,http://192.168.1.245:1112/?label=oomp%201qe8n,"want
consider
size
exile
praise
room
time
coffee
black
frame
cupboard
actress",,BLA,https://www.orbitalfasteners.co.uk/products/m3-x-30-socket-cap-screw-high-tensile-grade-12-9-self-colour,webpage_manufacturer_metalmate,sc3b30h,H,wantconsider,HE,M,200,type_diagram.png,5050420695992,30,3,S,B,orbital_fasteners,SCREW_,m3,want_consider_size_exile_praise_room_time_coffee,B,,Hex Head,BLACK,HARDW,hardw,,H,black_30_mm_length_hex_head,8N,wantconsidersizeexilepraiseroom,want<br>consider<br>size<br>exile<br>praise<br>room<br>time,30_M,,oomp_hardware_screw_socket_cap_m3_black_30_mm_length_hex_head
hardware_screw_socket_cap_m3_black_35_mm_length_hex_head,0.0336,best_where_pull_law_broken_comic_use,BLA,24A,0.0605,best<br>where<br>pull<br>law<br>broken<br>comic<br>use<br>appear<br>suggest<br>hawk<br>fantasy<br>across,0.0336,s,0.0605,hexhea,best,bestwherepulllawbrokencomicuse,webpage_distributor_orbital_fasteners,m3,M3,hex_,True,https://www.harclob2b.com/m3-x-35-socket-cap-screw-gr12-9-self-colour-din-91-1150m390035,H,BLAC,best<br>where<br>pull<br>law<br>broken<br>comic<br>use<br>appear<br>suggest<br>hawk<br>fantasy,m3,m3,35_MM_,https://www.harclob2b.com/m3-x-35-socket-cap-screw-gr12-9-self-colour-din-91-1150m390035,0.70,https://www.orbitalfasteners.co.uk/products/m3-x-35-socket-cap-screw-high-tensile-grade-12-9-self-colour,best<br>where<br>pull<br>law<br>broken<br>comic<br>use<br>appear<br>suggest,best_where_pull_law_broken_comic_use_appear_suggest,ha,1FH96,HEXHE,SSCF-M3-35-12.9+-zinc,0.0302,,M3,3,h,B35,,24a61,SC3B35H,m,best_where_pull_law,0.0605,best<br>where<br>pull<br>law<br>broken<br>comic<br>use<br>appear<br>suggest<br>hawk,orbital_fasteners,"best
where
pull
law
broken
comic
use
appear",orbital_fasteners,bestwherepulllawbroken,0.08,Socket Cap M3X35 mm Black (Hex Head),Black,best where pull law,0.0605,bestwherepull,bestwherepulllawbrokencomicuseappearsuggesthawkfantasy,SCREW_SOCKET_CAP,35,ha,best,"best
where
pull
law",parts/hardware_screw_socket_cap_m3_black_35_mm_length_hex_head,SCREWS,HEX_HE,best where pull law broken comic,M3,har,24A61A76C7,35,HARDWA,M3 x 35 Socket Cap Screw Gr12.9 Self Colour DIN 912 150,[],,61A,35_MM,S,24a61a76c70a9df4b90e47df5abe90aa,Hex Head,H,black,35 mm Length,,hardwa,droplet trumpet clap,h,False,0.0302,0.06,0.0302,screw_socket_cap,https://www.accu.co.uk/metric-cap-head-screws/386626-SSC-M3-35-12-9,0.06,m3,BLACK,3,best where pull law broken,HA,m,0.06,96,:droplet: :trumpet: :clap:,best,M3,bestwherepulllawbrokencomicuseappearsuggesthawk,[hardware_screw_socket_cap_m3_black_35_mm_length_hex_head](https://github.com/oomlout/oomlout_oomp_current_version_messy/tree/main/parts/hardware_screw_socket_cap_m3_black_35_mm_length_hex_head)<br>[sc3b35h](https://github.com/oomlout/oomlout_oomp_current_version_messy/tree/main/parts/hardware_screw_socket_cap_m3_black_35_mm_length_hex_head)<br>[Hardware Screw Socket Cap M3 Black 35 Mm Length Hex Head](https://github.com/oomlout/oomlout_oomp_current_version_messy/tree/main/parts/hardware_screw_socket_cap_m3_black_35_mm_length_hex_head)<br><br>,black,best_where_pull,35_,hardware,accu,35_mm_,7318156890,best-where-pull-law,best,https://github.com/oomlout/oomlout_oomp_part_src/tree/main/parts/hardware_screw_socket_cap_m3_black_35_mm_length_hex_head,3,35 mm,hex_h,best-where-pull-law-broken-comic,HARD,s,0.0302,scr,1150M390035,35mm,bestwherepulllawbrokencomicuseappearsuggesthawkfantasyacross,best_where_pull_law_broken_comic_use_appear_suggest_hawk,3000,SCR,BLACK,screw,M3 Black 35 mm Length Hex Head,best-where-pull,black,24a,SC3B35H,sc,1fh96,m3,1FH,best,best<br>where<br>pull<br>law,HEX_,best-where-pull-law-broken-comic-use,3,h,S,35MMLE,Screw Socket Cap,35 mm Length Hex Head,best,bestwherepulllawbrokencomicuseappear,35mmle,0.0302,scre,H,http://192.168.1.242:1112/?label=oomp%201fh96,0.0302,3,HEX,M3,HEXHEA,best_where,h,B35,B,SCRE,35,M3,best-where-pull-law-broken-comic-use-appear-suggest-hawk-fantasy-across,Black,35_mm,,35MML,BL,scre,35M,0.08,35_m,hardw,best where pull law broken comic use appear suggest,Black 35 Mm Length Hex Head,screw_socket_cap_m3_black_35_mm_length_hex_head,screws,bla,best<br>where,M,hardware_screw_socket_cap_m3_black_35_mm_length_hex_head,hex,sc,"best
where
pull
law
broken
comic
use
appear
suggest
hawk",0.0605,https://github.com/oomlout/oomlout_oomp_current_version_messy/tree/main/parts/hardware_screw_socket_cap_m3_black_35_mm_length_hex_head,bla,blac,3,https://github.com/oomlout/oomlout_oomp_current_version_messy/tree/main/parts/hardware_screw_socket_cap_m3_black_35_mm_length_hex_head,3,0.0605,35mml,m3_black_35_mm_length_hex_head,24A61A,best_where_pull_law_broken_comic_use_appear_suggest_hawk_fantasy,hardware_screw_socket_cap_m3_black_35_mm_length_hex_head,hexhe,HEX,Hardware,35_mm_length,https://www.orbitalfasteners.co.uk/products/m3-x-35-socket-cap-screw-high-tensile-grade-12-9-self-colour,Screw Socket Cap,1fh,http://192.168.1.55:1112/?label=oomp%201fh96,screw_,https://www.accu.co.uk/metric-cap-head-screws/386626-SSC-M3-35-12-9,hard,35_mm_length_hex_head,35_MM_LENGTH,Hardware,HARDWA,best_where_pull_law_broken_comic_use_appear_suggest_hawk_fantasy_across,HAR,scr,SCREW,BLACK,best where pull,best<br>where<br>pull,m3,,HARD,best-where-pull-law-broken,m3,black,Hardware Screw Socket Cap M3 Black 35 mm Length Hex Head,best-where-pull-law-broken-comic-use-appear-suggest-hawk-fantasy,HARDW,M3,35m,,0.0336,black,hex,M3,,b,m,best where pull law broken comic use,screw,s,SCREW,SSCF-M3-35-12.9,SC,"best
where
pull
law
broken
comic
use
appear
suggest",best where pull law broken comic use appear suggest hawk,har,Black,Black 35 mm Length Hex Head,61a,m3,best<br>where<br>pull<br>law<br>broken<br>comic,https://github.com/oomlout/oomlout_oomp_part_src/tree/main/parts/hardware_screw_socket_cap_m3_black_35_mm_length_hex_head,best where pull law broken comic use appear suggest hawk fantasy,Screw Socket Cap M3 Black 35 mm Length Hex Head,hard,orbital_fasteners,bl,BL,best where pull law broken comic use appear suggest hawk fantasy across,best<br>where<br>pull<br>law<br>broken,0.0336,200,hex_he,"best
where
pull
law
broken",head_type_diagram.png,Hex Head,sc3b35h,he,SC,M3,H,"best
where
pull","best
where
pull
law
broken
comic
use",[],,0.08,best<br>where<br>pull<br>law<br>broken<br>comic<br>use<br>appear,,b,Socket Cap,M3,35,he,35 mm Length,"best
where",link_main,BLAC,35,best_where_pull_law_broken_comic,best-where-pull-law-broken-comic-use-appear-suggest,M3,HEX_HEAD,https://www.accu.co.uk/metric-cap-head-screws/386626-SSC-M3-35-12-9,24a61a,0.08,,hardwa,h,orbital_fasteners,best-where,HARDWARE,github_link,[hardware_screw_socket_cap_m3_black_35_mm_length_hex_head](https://github.com/oomlout/oomlout_oomp_current_version_messy/tree/main/parts/hardware_screw_socket_cap_m3_black_35_mm_length_hex_head)<br><br>,,h,35_,"['droplet', 'trumpet', 'clap']",M3,m3,,"best
where
pull
law
broken
comic
use
appear
suggest
hawk
fantasy","[':droplet:', ':trumpet:', ':clap:']",24a61a76c7,35MM,0.70,M3,best_where_pull_law_broken,hex_head,BLACK,HAR,best where,"['best', 'where', 'pull', 'law', 'broken', 'comic', 'use', 'appear', 'suggest', 'hawk', 'fantasy', 'across']",24A61,bestwherepulllawbrokencomicuseappearsuggest,orbital_fasteners,SCR,best where pull law broken comic use appear,best-where-pull-law-broken-comic-use-appear-suggest-hawk,35,webpage_distributor_orbital_fasteners,HEX_H,best-where-pull-law-broken-comic-use-appear,,SCRE,https://www.orbitalfasteners.co.uk/products/m3-x-35-socket-cap-screw-high-tensile-grade-12-9-self-colour,HA,,b,0.06,,webpage_distributor_accu,m3,M,orbital_fasteners,bestwherepulllaw,M3,HE,"best
where
pull
law
broken
comic",1891056,hexh,blac,bl,HEXH,webpage_distributor_accu,http://192.168.1.245:1112/?label=oomp%201fh96,"best
where
pull
law
broken
comic
use
appear
suggest
hawk
fantasy
across",,BLA,https://www.orbitalfasteners.co.uk/products/m3-x-35-socket-cap-screw-high-tensile-grade-12-9-self-colour,webpage_manufacturer_metalmate,sc3b35h,H,bestwhere,HE,M,200,type_diagram.png,5050420696005,35,3,S,B,orbital_fasteners,SCREW_,m3,best_where_pull_law_broken_comic_use_appear,B,,Hex Head,BLACK,HARDW,hardw,,H,black_35_mm_length_hex_head,96,bestwherepulllawbrokencomic,best<br>where<br>pull<br>law<br>broken<br>comic<br>use,35_M,,oomp_hardware_screw_socket_cap_m3_black_35_mm_length_hex_head
robot_vacuum_part_robot_vacuum_roomba_500_series_motor_wheel_left_side,,remain_update_toddler_brisk_false_spice_task,MOT,,,remain<br>update<br>toddler<br>brisk<br>false<br>spice<br>task<br>huge<br>craft<br>cinnamon<br>sniff<br>audit,,p,,leftsi,remain,remainupdatetoddlerbriskfalsespicetask,,robot_vacuum_roomba_500_series,ROBOT,left,True,,L,MOTO,remain<br>update<br>toddler<br>brisk<br>false<br>spice<br>task<br>huge<br>craft<br>cinnamon<br>sniff,ro,rob,WHEEL,,,,remain<br>update<br>toddler<br>brisk<br>false<br>spice<br>task<br>huge<br>craft,remain_update_toddler_brisk_false_spice_task_huge_craft,ro,9FDFU,LEFTS,,,,Robot Vacuum Roomba 500 Series,w,l,M ,,f19ac,,r,remain_update_toddler_brisk,,remain<br>update<br>toddler<br>brisk<br>false<br>spice<br>task<br>huge<br>craft<br>cinnamon,orbital_fasteners,"remain
update
toddler
brisk
false
spice
task
huge",,remainupdatetoddlerbriskfalse,,,Motor,remain update toddler brisk,,remainupdatetoddler,remainupdatetoddlerbriskfalsespicetaskhugecraftcinnamonsniff,PART,wh,ro,remain,"remain
update
toddler
brisk",parts/robot_vacuum_part_robot_vacuum_roomba_500_series_motor_wheel_left_side,PART,LEFT_S,remain update toddler brisk false spice,ROBOT_,rob,F19ACA4190,wh,ROBOTV,,[],,,WHEEL,P,f19aca41906ebbc3462921c5c6fba5ac,Left Side,R,motor,Wheel,,robot_,ticket golf cherries,r,,,,,part,,,ro,MOTOR,w,remain update toddler brisk false,RO,r,,,:ticket: :golf: :cherries:,remain,RO,remainupdatetoddlerbriskfalsespicetaskhugecraftcinnamon,[robot_vacuum_part_robot_vacuum_roomba_500_series_motor_wheel_left_side](https://github.com/oomlout/oomlout_oomp_current_version_messy/tree/main/parts/robot_vacuum_part_robot_vacuum_roomba_500_series_motor_wheel_left_side)<br>[](https://github.com/oomlout/oomlout_oomp_current_version_messy/tree/main/parts/robot_vacuum_part_robot_vacuum_roomba_500_series_motor_wheel_left_side)<br>[Robot Vacuum Part Robot Vacuum Roomba 500 Series Motor Wheel Left Side](https://github.com/oomlout/oomlout_oomp_current_version_messy/tree/main/parts/robot_vacuum_part_robot_vacuum_roomba_500_series_motor_wheel_left_side)<br><br>,motor,remain_update_toddler,WHE,robot_vacuum,accu,wheel,,remain-update-toddler-brisk,remain,https://github.com/oomlout/oomlout_oomp_part_src/tree/main/parts/robot_vacuum_part_robot_vacuum_roomba_500_series_motor_wheel_left_side,W,,left_,remain-update-toddler-brisk-false-spice,ROBO,p,,par,,whee,remainupdatetoddlerbriskfalsespicetaskhugecraftcinnamonsniffaudit,remain_update_toddler_brisk_false_spice_task_huge_craft_cinnamon,,PAR,MOTOR,part,Roomba 500 Series Motor Wheel Left Side,remain-update-toddler,motor,,,pa,9fdfu,rob,,remain,remain<br>update<br>toddler<br>brisk,LEFT,remain-update-toddler-brisk-false-spice-task,w,l,P,WHEEL,Part,Roomba 500 Series Wheel Left Side,remain,remainupdatetoddlerbriskfalsespicetaskhuge,wheel,,part,R,http://192.168.1.242:1112/?label=oomp%209fdfu,,W,LEF,Robot Vacuum Roomba 500 Series,LEFTSI,remain_update,l,M ,M,PART,,ROB,remain-update-toddler-brisk-false-spice-task-huge-craft-cinnamon-sniff-audit,,wheel,,WHEEL,MO,part,WHE,,whee,robot,remain update toddler brisk false spice task huge craft,Roomba 500 Series Motor Wheel Left Side,part_roomba_500_series_motor_wheel_left_side,part,mot,remain<br>update,R,,lef,pa,"remain
update
toddler
brisk
false
spice
task
huge
craft
cinnamon",,https://github.com/oomlout/oomlout_oomp_current_version_messy/tree/main/parts/robot_vacuum_part_robot_vacuum_roomba_500_series_motor_wheel_left_side,mot,moto,5,https://github.com/oomlout/oomlout_oomp_current_version_messy/tree/main/parts/robot_vacuum_part_robot_vacuum_roomba_500_series_motor_wheel_left_side,W,,wheel,roomba_500_series_motor_wheel_left_side,F19ACA,remain_update_toddler_brisk_false_spice_task_huge_craft_cinnamon_sniff,robot_vacuum_part_robot_vacuum_roomba_500_series_motor_wheel_left_side,lefts,LEF,Robot Vacuum,wheel,,Part,,http://192.168.1.55:1112/?label=oomp%209fdfu,part,,robo,roomba_500_series_wheel_left_side,WHEEL,Robot Vacuum,ROBOT_,remain_update_toddler_brisk_false_spice_task_huge_craft_cinnamon_sniff_audit,ROB,par,PART,MOTOR,remain update toddler,remain<br>update<br>toddler,robot,,ROBO,remain-update-toddler-brisk-false,robo,motor,Robot Vacuum Part Robot Vacuum Roomba 500 Series Motor Wheel Left Side,remain-update-toddler-brisk-false-spice-task-huge-craft-cinnamon-sniff,ROBOT,ROBOTV,whe,,,motor,lef,ROBOT,,m,r,remain update toddler brisk false spice task,part,p,PART,,PA,"remain
update
toddler
brisk
false
spice
task
huge
craft",remain update toddler brisk false spice task huge craft cinnamon,rob,Motor,Roomba 500 Series Motor Wheel Left Side,,robotv,remain<br>update<br>toddler<br>brisk<br>false<br>spice,https://github.com/oomlout/oomlout_oomp_part_src/tree/main/parts/robot_vacuum_part_robot_vacuum_roomba_500_series_motor_wheel_left_side,remain update toddler brisk false spice task huge craft cinnamon sniff,Part Roomba 500 Series Motor Wheel Left Side,robo,,mo,MO,remain update toddler brisk false spice task huge craft cinnamon sniff audit,remain<br>update<br>toddler<br>brisk<br>false,,,left_s,"remain
update
toddler
brisk
false",,Left Side,,le,PA,RO,L,"remain
update
toddler","remain
update
toddler
brisk
false
spice
task",[],,,remain<br>update<br>toddler<br>brisk<br>false<br>spice<br>task<br>huge,,m,,ROBO,WH,le,Wheel,"remain
update",link_main,MOTO,,remain_update_toddler_brisk_false_spice,remain-update-toddler-brisk-false-spice-task-huge-craft,ROBO,LEFT_SIDE,,f19aca,,,robotv,r,,remain-update,ROBOT_VACUUM,github_link,[robot_vacuum_part_robot_vacuum_roomba_500_series_motor_wheel_left_side](https://github.com/oomlout/oomlout_oomp_current_version_messy/tree/main/parts/robot_vacuum_part_robot_vacuum_roomba_500_series_motor_wheel_left_side)<br><br>,,r,whe,"['ticket', 'golf', 'cherries']",ROB,robot_,,"remain
update
toddler
brisk
false
spice
task
huge
craft
cinnamon
sniff","[':ticket:', ':golf:', ':cherries:']",f19aca4190,WHEE,,,remain_update_toddler_brisk_false,left_side,MOTOR,ROB,remain update,"['remain', 'update', 'toddler', 'brisk', 'false', 'spice', 'task', 'huge', 'craft', 'cinnamon', 'sniff', 'audit']",F19AC,remainupdatetoddlerbriskfalsespicetaskhugecraft,,PAR,remain update toddler brisk false spice task huge,remain-update-toddler-brisk-false-spice-task-huge-craft-cinnamon, ,,LEFT_,remain-update-toddler-brisk-false-spice-task-huge,,PART,,RO,,m,,Roomba 500 Motor Wheel Left Side,,robo,R,,remainupdatetoddlerbrisk,ROBOT_VACUUM_ROOMBA_500_SERIES,LE,"remain
update
toddler
brisk
false
spice",,left,moto,mo,LEFT,,http://192.168.1.245:1112/?label=oomp%209fdfu,"remain
update
toddler
brisk
false
spice
task
huge
craft
cinnamon
sniff
audit",,MOT,,,,R,remainupdate,LE,R,,,,WH,500,P,M,,PART,robot,remain_update_toddler_brisk_false_spice_task_huge,M,,,MOTOR,ROBOT,robot,,L,roomba_500_series_motor_wheel_left_side,,remainupdatetoddlerbriskfalsespice,remain<br>update<br>toddler<br>brisk<br>false<br>spice<br>task,WHEE,,oomp_robot_vacuum_part_robot_vacuum_roomba_500_series_motor_wheel_left_side
robot_vacuum_part_robot_vacuum_roomba_500_series_motor_wheel_right_side,,harbor_settle_tenant_dinosaur_lawn_warm_various,MOT,,,harbor<br>settle<br>tenant<br>dinosaur<br>lawn<br>warm<br>various<br>genre<br>measure<br>stick<br>original<br>anchor,,p,,rights,harbor,harborsettletenantdinosaurlawnwarmvarious,,robot_vacuum_roomba_500_series,ROBOT,righ,True,,R,MOTO,harbor<br>settle<br>tenant<br>dinosaur<br>lawn<br>warm<br>various<br>genre<br>measure<br>stick<br>original,ro,rob,WHEEL,,,,harbor<br>settle<br>tenant<br>dinosaur<br>lawn<br>warm<br>various<br>genre<br>measure,harbor_settle_tenant_dinosaur_lawn_warm_various_genre_measure,ro,59Y0L,RIGHT,,,,Robot Vacuum Roomba 500 Series,w,r,M ,,87397,,r,harbor_settle_tenant_dinosaur,,harbor<br>settle<br>tenant<br>dinosaur<br>lawn<br>warm<br>various<br>genre<br>measure<br>stick,orbital_fasteners,"harbor
settle
tenant
dinosaur
lawn
warm
various
genre",,harborsettletenantdinosaurlawn,,,Motor,harbor settle tenant dinosaur,,harborsettletenant,harborsettletenantdinosaurlawnwarmvariousgenremeasurestickoriginal,PART,wh,ro,harbor,"harbor
settle
tenant
dinosaur",parts/robot_vacuum_part_robot_vacuum_roomba_500_series_motor_wheel_right_side,PART,RIGHT_,harbor settle tenant dinosaur lawn warm,ROBOT_,rob,8739756C4F,wh,ROBOTV,,[],,,WHEEL,P,8739756c4f611e33dcbf03e7be311b48,Right Side,R,motor,Wheel,,robot_,toilet tiger ghost,r,,,,,part,,,ro,MOTOR,w,harbor settle tenant dinosaur lawn,RO,r,,,:toilet: :tiger: :ghost:,harbor,RO,harborsettletenantdinosaurlawnwarmvariousgenremeasurestick,[robot_vacuum_part_robot_vacuum_roomba_500_series_motor_wheel_right_side](https://github.com/oomlout/oomlout_oomp_current_version_messy/tree/main/parts/robot_vacuum_part_robot_vacuum_roomba_500_series_motor_wheel_right_side)<br>[](https://github.com/oomlout/oomlout_oomp_current_version_messy/tree/main/parts/robot_vacuum_part_robot_vacuum_roomba_500_series_motor_wheel_right_side)<br>[Robot Vacuum Part Robot Vacuum Roomba 500 Series Motor Wheel Right Side](https://github.com/oomlout/oomlout_oomp_current_version_messy/tree/main/parts/robot_vacuum_part_robot_vacuum_roomba_500_series_motor_wheel_right_side)<br><br>,motor,harbor_settle_tenant,WHE,robot_vacuum,accu,wheel,,harbor-settle-tenant-dinosaur,harbor,https://github.com/oomlout/oomlout_oomp_part_src/tree/main/parts/robot_vacuum_part_robot_vacuum_roomba_500_series_motor_wheel_right_side,W,,right,harbor-settle-tenant-dinosaur-lawn-warm,ROBO,p,,par,,whee,harborsettletenantdinosaurlawnwarmvariousgenremeasurestickoriginalanchor,harbor_settle_tenant_dinosaur_lawn_warm_various_genre_measure_stick,,PAR,MOTOR,part,Roomba 500 Series Motor Wheel Right Side,harbor-settle-tenant,motor,,,pa,59y0l,rob,,harbor,harbor<br>settle<br>tenant<br>dinosaur,RIGH,harbor-settle-tenant-dinosaur-lawn-warm-various,w,r,P,WHEEL,Part,Roomba 500 Series Wheel Right Side,harbor,harborsettletenantdinosaurlawnwarmvariousgenre,wheel,,part,R,http://192.168.1.242:1112/?label=oomp%2059y0l,,W,RIG,Robot Vacuum Roomba 500 Series,RIGHTS,harbor_settle,r,M ,M,PART,,ROB,harbor-settle-tenant-dinosaur-lawn-warm-various-genre-measure-stick-original-anchor,,wheel,,WHEEL,MO,part,WHE,,whee,robot,harbor settle tenant dinosaur lawn warm various genre measure,Roomba 500 Series Motor Wheel Right Side,part_roomba_500_series_motor_wheel_right_side,part,mot,harbor<br>settle,R,,rig,pa,"harbor
settle
tenant
dinosaur
lawn
warm
various
genre
measure
stick",,https://github.com/oomlout/oomlout_oomp_current_version_messy/tree/main/parts/robot_vacuum_part_robot_vacuum_roomba_500_series_motor_wheel_right_side,mot,moto,5,https://github.com/oomlout/oomlout_oomp_current_version_messy/tree/main/parts/robot_vacuum_part_robot_vacuum_roomba_500_series_motor_wheel_right_side,W,,wheel,roomba_500_series_motor_wheel_right_side,873975,harbor_settle_tenant_dinosaur_lawn_warm_various_genre_measure_stick_original,robot_vacuum_part_robot_vacuum_roomba_500_series_motor_wheel_right_side,right,RIG,Robot Vacuum,wheel,,Part,,http://192.168.1.55:1112/?label=oomp%2059y0l,part,,robo,roomba_500_series_wheel_right_side,WHEEL,Robot Vacuum,ROBOT_,harbor_settle_tenant_dinosaur_lawn_warm_various_genre_measure_stick_original_anchor,ROB,par,PART,MOTOR,harbor settle tenant,harbor<br>settle<br>tenant,robot,,ROBO,harbor-settle-tenant-dinosaur-lawn,robo,motor,Robot Vacuum Part Robot Vacuum Roomba 500 Series Motor Wheel Right Side,harbor-settle-tenant-dinosaur-lawn-warm-various-genre-measure-stick-original,ROBOT,ROBOTV,whe,,,motor,rig,ROBOT,,m,r,harbor settle tenant dinosaur lawn warm various,part,p,PART,,PA,"harbor
settle
tenant
dinosaur
lawn
warm
various
genre
measure",harbor settle tenant dinosaur lawn warm various genre measure stick,rob,Motor,Roomba 500 Series Motor Wheel Right Side,,robotv,harbor<br>settle<br>tenant<br>dinosaur<br>lawn<br>warm,https://github.com/oomlout/oomlout_oomp_part_src/tree/main/parts/robot_vacuum_part_robot_vacuum_roomba_500_series_motor_wheel_right_side,harbor settle tenant dinosaur lawn warm various genre measure stick original,Part Roomba 500 Series Motor Wheel Right Side,robo,,mo,MO,harbor settle tenant dinosaur lawn warm various genre measure stick original anchor,harbor<br>settle<br>tenant<br>dinosaur<br>lawn,,,right_,"harbor
settle
tenant
dinosaur
lawn",,Right Side,,ri,PA,RO,R,"harbor
settle
tenant","harbor
settle
tenant
dinosaur
lawn
warm
various",[],,,harbor<br>settle<br>tenant<br>dinosaur<br>lawn<br>warm<br>various<br>genre,,m,,ROBO,WH,ri,Wheel,"harbor
settle",link_main,MOTO,,harbor_settle_tenant_dinosaur_lawn_warm,harbor-settle-tenant-dinosaur-lawn-warm-various-genre-measure,ROBO,RIGHT_SIDE,,873975,,,robotv,r,,harbor-settle,ROBOT_VACUUM,github_link,[robot_vacuum_part_robot_vacuum_roomba_500_series_motor_wheel_right_side](https://github.com/oomlout/oomlout_oomp_current_version_messy/tree/main/parts/robot_vacuum_part_robot_vacuum_roomba_500_series_motor_wheel_right_side)<br><br>,,r,whe,"['toilet', 'tiger', 'ghost']",ROB,robot_,,"harbor
settle
tenant
dinosaur
lawn
warm
various
genre
measure
stick
original","[':toilet:', ':tiger:', ':ghost:']",8739756c4f,WHEE,,,harbor_settle_tenant_dinosaur_lawn,right_side,MOTOR,ROB,harbor settle,"['harbor', 'settle', 'tenant', 'dinosaur', 'lawn', 'warm', 'various', 'genre', 'measure', 'stick', 'original', 'anchor']",87397,harborsettletenantdinosaurlawnwarmvariousgenremeasure,,PAR,harbor settle tenant dinosaur lawn warm various genre,harbor-settle-tenant-dinosaur-lawn-warm-various-genre-measure-stick, ,,RIGHT,harbor-settle-tenant-dinosaur-lawn-warm-various-genre,,PART,,RO,,m,,Roomba 500 Motor Wheel Right Side,,robo,R,,harborsettletenantdinosaur,ROBOT_VACUUM_ROOMBA_500_SERIES,RI,"harbor
settle
tenant
dinosaur
lawn
warm",,righ,moto,mo,RIGH,,http://192.168.1.245:1112/?label=oomp%2059y0l,"harbor
settle
tenant
dinosaur
lawn
warm
various
genre
measure
stick
original
anchor",,MOT,,,,R,harborsettle,RI,R,,,,WH,500,P,M,,PART,robot,harbor_settle_tenant_dinosaur_lawn_warm_various_genre,M,,,MOTOR,ROBOT,robot,,R,roomba_500_series_motor_wheel_right_side,,harborsettletenantdinosaurlawnwarm,harbor<br>settle<br>tenant<br>dinosaur<br>lawn<br>warm<br>various,WHEE,,oomp_robot_vacuum_part_robot_vacuum_roomba_500_series_motor_wheel_right_side
